Before;PM;After
My eyes stayed on the monotonous zombie .;but;I waved an impatient acknowledgement .
They have ties . '' .;but;Their power is insignificant compared to that of a sitting head honcho .
Your head torn off .;before;You know what 's happening .
To see the looks on their faces .;when;They feast their eyes on you .
Sort of heard something happen .;and;Seen a cloud of dust .
I choked on a laugh .;as;I slid him a glance .
I shook my head .;and;Felt another wave of remorse as i studied his anxious expression .
Most everyone knew either joe or becky .;so;They were more than glad to attend the wedding .
He would think mairi unreasonable for stopping his fiancee from touching his face .;if;It was the other way around .
What did he stand to gain .;if;Even he was lying .
My heart rate gradually slowed from hummingbird to sloth , the flush on my face receded , and my mind raced to replay what had happened .;as;The new crowd assembled to wait for the next train .
Simon had a vivid imagination .;and;They had seen a dolphin or a large fish .
Ms. stratford had offered him absolution .;if;Even he 'd been more vigilant .
She stood on the raised dais of the school hall .;as;She did every morning .
They came upon many hidden pools , and broad acres of sedge waving above wet and treacherous bogs .;but;Shadowfax found the way , and the other horses followed in his swath .
The soap churn up through the roots .;as;My fingers massaged her scalp .
She caught the flash of his grin .;as;Seline circled around the men .
His hands seemed to move by themselves .;as;He fell deeper into the fantasy .
Guro 's house was still clear across town where we came out .;and;We had to call a taxi to take us the rest of the way .
The guards at the bridge looked bored .;when;They waved me through .
Aden propped his head on the back of the chair .;and;Stared up at the ceiling .
He wasnt relenting and .;but;I was no match for his size .
Casting glances over their shoulders .;as;Something devoured their co-worker a few feet .
Not only to accept all that damage .;but;To build a life on it .
I also promised i 'd make him smile from now on , and .;but;My questions seem to have the opposite effect on him .
Iserum prostrated himself on the sand , motioned for the men behind him to do the same crawled to the top of the dune on his belly .;and;Told them to stay where they were .
He felt the anxiety of a man in front of his avenging god .;when;He saw that some columns were carved in statues depicting anthropomorphic creatures , of which he could not see the head , high as they were .
One of the men was a stranger to everyone on the lift .;but;The other man and the woman seemed to know each other .
He waited at the bar for almost an hour .;before;His cell phone rang .
The spotter jerked half spun to face away from him .;and;Jack waited for the bullets to strike his body , but .
I ponder the possibility for a few minutes .;but;Realize that if mr. cameron doesnt make it , im not really interested in knowing it .
Shagga catch a spearman full in the chest .;as;The fool came on at a run .
Then you can damn well go along with it , morg .;if;My advisor says it 's a good idea .
There was one point , but that was because he was desolate .;when;I was holding him .
What else is going on with her .;so;Just she 's a babe .
I half-expected him to belch .;but;Apparently , he was too dignified for that .
That 's exactly what you 're going to get . '' .;if;You talk about my momma dying or any other stupid shit like that .
That 's it 's fine .;if;I play with him .
I never married . '' .;because;I never met a man i wanted to marry .
Torrin smiled at the spiridus , who seemed non-threatening compared to the wily creatures he saw ransack the archon campsite .;while;The oarsmen went to work propelling them .
The speaker stopped suddenly , but tony ignored it .;as;He realised what he was saying .
He was going to stop seeing you .;because;It wasnt fair to keep going .
She wished bernajoux a speedy convalescence , took leave of m. de la tremouille , returned to her hotel .;and;Immediately sent word to the four friends that she awaited their company at dinner .
Miles became engaged to her .;when;He was thirty and she was nineteen .
She had a near perfect photographic memory .;and;If something was moved even a fraction of an inch , the positioning was off enough to trigger an alarm bell in her mind .
First indulging in a luxurious bubble bath relaxing in the soothing hot water , a picture of rhondas face contorted in hate flashed across my memory .;as;I got ready for bed .
Taking care of herself .;as;To know she was capable of making a difference in someone 's life .
I can find plenty more descriptions for you if you want .;but;They all add up to exactly the same conclusion .
And , i think i would have happily gone back to the subway if it meant i 'd be able to eat breakfast and not revisit it twenty minutes later . '' .;while;It was different than my regular routine .
You 're moving out .;because;It 's so cold .
I feel liams firm push against my energy .;and;Refuse to accept the connection .
The most logical thing to do would be to go directly back to the council hall .;but;In his haste to escape from asharak , he had run down so many dim passageways and turned so many corners that he had no idea where he was or how to get back to the familiar parts of the palace .
It was my pleasure .;and;I hope to see her later .
To apply for the position of housekeeper of the stars see what came of the matter .;and;Nothing for it but .
They were tossed into the street like it was an altar .;and;That 's what scared her he most .
`` , my body wants to return and even standing .;if;I had returned to the castle-and believe me .
He brushed his fingers against mine .;as;He took it from me .
The rest were real hard core .;if;You know what i mean .
My hand was against her cool skin .;as;I slowly moved it up and down her bare back .
Ski mask might have lost control of the psychically induced illusion .;but;He still had a hunter 's speed .
Leyna was nodding her head .;as;She squeezed the juice from the huge grapefruit into her bowl with her tiny hands .
The masters seemed to be expecting this .;but;It sent justin reeling .
Which is exactly what he is doing in essence zachary fumbled with the right leg strap , his hand shaking .;as;He began fastening joseph back into his nightmarish position .
Faye could have almost any guy here . '' .;but;She only wants the ones who 're a challenge .
For some unaccountable reason , he wanted her to complain .;but;She remained stoically silent .
She was a terrific snorer .;though;She did not bite and did drool only a little bit .
You are but a child , will henry , unaccustomed to such things .;though;No doubt in his travels warthrop has seen worse .
Pindor jumped hauled into the high saddle .;and;Caught a toe in a stirrup .
Maggie saw his hands tremble a bit .;as;They held the reed mat open .
They circled the building .;and;Took off for places unknown .
It was a good excuse .;because;Well , i used to think about business all the time , yet now , stella had dominated my mind .
As far - well , jane and i had had some discussions on that .;as;The liberation of women went .
I noticed that the shadowbot hesitated to attack .;when;Honeybee put up her ice shield .
"The man 's identity is unmistakable : dark brown , thinning hair ; sallow skin-tone ; thin frame adorned with droopy , woolen clothes .";though;His back is to me .
71 evan lets me kick and squirm until i 'm exhausted .;then;He plops me down against a tree and steps .
A knowing smile how did you feel about it .;when;I sent you on that mission .
She started looking for signs of his arrival or departure .;but;Pulled up short at the sound of a low rumble from very nearby .
It was fiddly work .;but;Between the two of them they eventually got it mounted it on a tiny pivot .
`` wrong number , '' colin lied .;as;He replaced the phone , forcing his body to relax .
To locate la mouette blanche .;because;Uncle marty got lost and kept driving us in circles .
Their friends are the aryan brotherhood , and . '' .;and;Down here i suppose the kkk .
She was working as usual .;while;Her son was missing .
He never uttered a word of reproach about sarehl .;but;Bethel knew the anger festered and more often than not touched lodestok 's dealings with him .
The surgery was long . '' .;but;The doctors said it was successful .
She was a good citizen .;and;Hated to see other citizens persecuted .
`` i 'll be keeping a close eye on this ... situation , '' he says .;but;He 's looking at doc , not me .
I gently bent down and kissed it .;as;I took his hand in mine .
My job is here , things would go better . '' .;if;I stayed in my own house .
`` , black gave me an advance so that i could buy new clothes .;before;I went to sean 's tonight .
Looking into your case .;because;I asked him to .
Birthday suit is closing the gap .;as;They come to the first furlong .
There is nothing we can do about it .;if;She 's determined to have him , in whatever sense .
You 'll be ready for a real mission in no time .;after;You get some fly time .
When he pried his lids back open , he had no idea how much time had passed .;but;The candle on the nightstand had burned out , the bottle was empty , and anne was sleeping in her bed .
The captain remained quiet .;but;Mary could hear his boots clicking on the floor as he walked about the cabin .
He writhed in pain and twisted and turned and rolled and crawled on his belly , screaming and yelping out to no one in particular .;as;He spat out the blood .
You were able to find all the other boys .;before;They died , why couldnt you find cole .
The nssmibc offered richard a beer , sensing he could barely swallow his own spit , and likely would have a really tough time downing twelve ounces of sorry quality suds .;when;He got a second one out of a cooler , but richard declined .
The castle folk had done .;after;The scavengers had scattered and they were welcomed as the saviours of feerien .
To sense my dilemma .;as;He encourages me to ask whatever i want to know .
Taylor had worked closely with my father in stone worldwide 's business , being groomed to take over when he retired .;but;He was more an office mate than anything .
He would appear on screen .;if;You asked to speak to him .
Smoke speaker hoped for the end to her pain .;but;He prayed for whispers success more .
I pull his hand over .;and;Bring it up to my cheek .
He lifted his hand to his chin .;and;Gave it a broad stroke .
He knew it was stupid , she could take care of herself after all .;but;He didnt like the way they looked at her .
You ever think about your wife , your daughter .;when;You were planning your attacks on innocent women .
To just get through the dance .;so;She could move on as quickly as possible .
She would not feel right until things were resolved between her and eric .;though;Things could finally return to normal .
It seemed wed lost the maniac shooter .;but;Now we were wandering around a lonely forest , a dark labyrinth of trees , possibly being stalked by a pack of wolves .
The reception staff smiled at him .;and;Bowed slightly as he continued on , politely paying them no attention .
We could make a copy of it . '' .;if;We could get our hands on the master key and a bar of soap and a lighter , noah .
Spun around , turning quickly to the left and running down the aisle between the shelving and the wall .;and;Ran into the open door .
Sparks shot up in the air , but i kept running .;and;I started to cough .
He had wanted to renew their physical relationship on the orion belle , and they had slept separately in their bunks on the ship .;but;She continued to resist his attentions out of her expressed fear of pregnancy .
Otto heard a small crowd of the workmen conversing outside .;as;His eyes scanned the lines .
As you predicted , your solo career bombed and youre experiencing a massive drop in popularity , but this is a different route he said scratching his chin with his strapped hand .;while;The media and moguls who control your career seem intent on bringing you down youre supposed to skulk off and do tacky celeb shows and open supermarkets .
That-if his friend was already dead-continue his mission to find and stop fadi and dujja .;before;They made good on their threat .
You cant expect top quality results .;when;You consider these were creatures that have devoted their life to preserving the most useless organism ever to exist .
He is a step ahead of me and announces it like a kick in my teeth .;while;I 'm running through my mind trying to find the source of how he knows i 'm full of shit .
Parts of her were covered in dirt and grime .;but;All of her limbs were accounted for .
Devon felt cassie 's momentary jolt of surprise .;before;She wrapped her arms around chris .
Whose biggest concern was keeping his grades .;and;Getting to school on time-walking his mom home whenever she worked .
Private zombie is ignorant and ugly . '' .;but;He is not soft .
Kelsier released the bars , allowing the bars to y between the archers and the eeing prisoners .;and;Pushed himself to the side .
You dont understand , said ricky .;because;You have no sympathy for anyone .
Marvell looked at her with weirdness because the girl burst into laughter .;when;She got on the wheel .
But someone could have followed you .;when;You left the hotel easy .
The other redeemer was .;but;Two of the patrons had moved in on knight .
She knew a quick surge of relief .;but;It only lasted a moment .
It sounded good in my head .;but;I had no clue .
He was in his thirties .;and;Would likely have been wed .
It seemed far too good to be true : why .;and;Then , he couldnt stop himself from asking .
Octavio swung a loose hand to the other man 's face .;and;Shoved a fist to follow it .
She 'd locked the door .;but;There had been no need .
To turn the topic to her .;and;Get some distance from my own feelings .
John polidori believed in them .;and;I am almost certain that he did meet them .
Maybe better , she thought to herself .;though;She dared not provoke him by mentioning this .
Ostedes saw a shape at its center a puny , weak , humanoid form .;as;The ball of light neared .
Your grandmother moved up into that mountain .;and;We pretended she was dead .
It 's not the same thing .;as;You getting me fast food .
Then he was storming up the steps , and .;but;I figured he 'd be finding out real soon as he entered the house .
There was a leak .;because;Someone there knew about the skin rash .
Pushing him to his full potential .;as;We raced after someone i could no longer see .
Everything would get moving .;if;The kid could break up the stalemate .
She imagined it would be this : the ability to spread calm , even amongst people who had reasons for worry .;if;Anyone had asked her to analyze how this particular little man seemed always to float to the top of any political pond .
We 're looking for a sports rehab specialist for the upcoming new season .;also;Actually , brooke , we 're .
He thought she had misunderstood what he had told her and had started to explain .;but;She had only shook her head and gone to the bedroom .
As strong a relationship .;as;We could have-but that no matter what happened with us , we could never have a family like that .
`` and i want to let you go too , '' she said , `` . '' .;but;Your blood sings to me .
She would not have .;if;I had kept in the little intro .
The sound of gunfire echoed .;as;They used a nail gun to drive concrete nails in to the asphalt .
Just they were entering dolhinov .;also;The red army captured minsk , belaruss main city , to the south .
I am remembering how shade carefully arranged the bags for me last night , his long fingers moving them around .;when;I hear a rushed voice .
Used me as bait .;so;My sister would come rescue me .
Your brother would spill the beans .;if;We took darryl in .
Ream grabbed his arm .;as;Just emily 's screams went through the phone .
The blow on the skull , doctor millard thought , would probably have killed him .;but;That too was done after death .
I want to say something .;but;Im busy noticing that wayne has a bit of stubble on his jawline and its sort of like something you see on hunky romance-book-cover guys .
Nikolai said to him , `` are you taking that to miss evans ? '' .;when;Kemal arrived to pick up the package .
Because of this , simon was firm in his intent to court lynette .;if;She might have been only he were worthy and she were not tainted by scandal .
Or , she 'd laughed at herself .;when;She 'd realized that she 'd taken everything the wrong way .
She left me . '' .;when;I was twelve to go off and study druidry , or whatever it 's called .
Tor turned to me , tilted his head slightly but dangerously to the side asked back , `` and why not ? '' .;and;Crossed his arms on his chest .
His eyes kept going to akiva with the same kind of astonished appraisal as everyone else 's did , and .;but;Karou , watching , saw that it made akiva uncomfortable .
I packed a lunch .;but;It 's just a turkey sandwich and an apple .
Leslie had moved on .;as;Just his brothers had said .
Four security guards tackled the largest and most round of the pair .;but;She flung the burly men to the side like empty bags of onion-flavored snacks .
She leaves the kitchen .;after;Grabbing her purse off the counter .
He fully intended to do to her .;when;They were finally home .
I would like to talk with you about something really important .;if;You have a minute .
We should 've forged a long time ago .;and;I desperately missed it .
They marched up the stairs .;and;Found the room that reizvolle had rented .
All the action unfold .;as;Everyone enjoys the last weekend free of homework .
Her dress was longer than the others .;and;She was wearing underclothes beneath it , making her look a lot less hedonistic than her sisters-at-arms .
Tossing back her head , she whimpered .;as;He sucked her breast with the hunger of a starving man .
To suppress a low whimper .;as;He poked and prodded with ruthless glee .
The un-man was still visible .;and;The shoal of fishes was still spread out between it and him .
Id be talkin shit , because i havent done it in a loooong time .;if;I said i rocked it .
He smiled and laughed .;before;Turning back into fire and bouncing his way to them , passing through the battling field and towards the huts .
They were also on their way up .;and;Were already at the jump .
My father was still laughing , `` i 'm okay .;as;My mother kept repeating .
He 'd sent extra blood with bricker , and she wanted some of it .;if;She knew lucian argeneau .
I saw you . '' .;when;More i was living in colorado than i do .
I canna tell . '' .;if;You 're really green , or is it only the light .
Something might now is .;because;The note mentions it .
We are at his gates and would have speech with him .;if;He will permit us to come into his hall .
He dipped his head .;and;Touched his mouth to hers as her arms stole around him .
Being a somewhat frightening specimen .;but;Now she was married .
Her hair tumbling around her face .;as;Wildly we walked down the path , students rushing past us on bikes .
No matter how shitty your day is and no matter how down you are feeling , everything melts .;when;You see how wonderfully she fits right into your arms .
So much of the world these days seems so sterile .;but;This place is like an island of beauty and wonder .
All the other women sergei escorted .;when;He wanted female companionship .
`` you know , '' i continue , `` you cut me off . '' .;before;Earlier answering my question .
That 's what people think .;but;There 's more to it .
The constant rain and perpetual clouds suited edinburgh , with its stone buildings and churches , its uneven cobblestone streets and the enormous castle that sat high above it all .;as;Just sunshine and clear skies suited beach towns .
Who suffer at your hands .;because;Just you are bored and need amusement .
`` sweet , sweet empusa , '' harmonia shook her head .;as;She pushed her wrist directly under my nose .
He shuffled past her .;and;Checked on some wires .
It took him a moment to identify the plant , the color was .;though;The shape of the blooms was familiar .
I 'm afraid i expected words .;but;I agree the demonstration was convincing .
The episcopal church had voted against accepting vampires as priests .;though;They were allowed to take communion - but a substantial slice of the laity said that would be over their dead bodies .
She registered his startled groan , and she proceeded to reduce his world to blurred sensations , tingling nerve endings , and sensual cravings .;as;She closed her mouth around the head of his shaft .
Is this ? '' .;because;I 'm not wearing any underwear .
I stumbled for a single moment .;as;I took in the whips and sinister devices lining every inch of the vast cavern , each alcove adorned with shackles , implements of torture , spikes , and chains .
I sensed my change in color .;because;I could already feel the heat of anger radiating through my pores .
I 'll retract my statement before wyatt hands over the money and tell him there was a mistake . '' .;if;It turns out you 're wrong .
I know my emotions are all over the place .;but;I 'm not sure how to feel .
Which set me on fire .;because;More i rarely heard him laugh .
I wanted to tell him about derek .;but;What did i have to go on .
I have invested in a few outfits for my job .;but;The little black dress is the go-to choice .
Tiffany peered under the sink .;when;The door had shut .
Ella was staying with beth tonight .;while;Nick was out of town .
Running my hands through my hair .;as;My nerves reach breaking point .
Tony folded up his itinerary .;and;As he turned and walked out , wondered about the sorrow that he saw in the colonels eyes earlier .
Her breast had fit well into his large hand .;but;He 'd felt more cushion of it to explore when she was unfettered .
Then i 'll be able to see your body better and we can measure you and everything . '' .;if;You could put these on .
Admonishing her with his eyes .;before;He rolled over onto his back and was asleep in an instant .
Look like any kind of threat .;but;Neil didnt want to chance it .
They 'd go in fast . '' .;because;They were already digitized .
How clumsy you are .;because;Only i was laughing .
De jager reached the ground .;and;Strode forward , continuing to fire into the corpse of his fallen foe .
They followed the waterways asking questions .;as;They went but got no response to any of them .
It took longer than i had expected .;but;The whole tower became alive .
Which did not stick .;but;Whispered away just before you could grab them .
Frustration had her muscles knotting .;but;She spun around and pretty much stomped her way into the room at the top of the stairs .
`` let me go , '' i say , trying to jerk out of his grip .;but;He 's holding on too tight .
His head flopped solidly towards his hands .;as;Dave tried to hide .
The current must have carried us farther away from the wreckage than i realized .;because;When preston and i came up for air , i gasped and looked around-waiting-but no shots came .
Alec put his hand on her shoulder to lead her out of the door .;but;She stiffened , telling him that it was the wrong thing to do .
The room will look better .;when;All you were asked to do was paint .
To still be over-analyzing someone .;as;Even i faced the prospect of being horribly violated .
The way she kept looking over to the side of the road lucy wondered .;if;Her grandmother could see any more .
He was down on his knees .;when;Drake 's last punch threw him to the ground .
He passed his hand over his forehead .;and;Cast mum a brief sidelong glance .
It is after ten o'clock that night .;when;She comes across the hunters .
They put a different face on it , of course .;but;Hypocrisy bothered booker more than anything .
He sounds like the kitchen drain .;when;It gets backed up .
Who had been in the war room .;when;Chuck was sparring with admiral kelly .
`` , then you 're beautiful . '' .;if;I say you 're beautiful .
Then i can fly in it , safely , like everyone says .;if;A piece of metal can fly .
To confirm its tone .;and;Ran back to his mother .
Deo realized the danger .;and;Immediately dropped to one knee all the while bowing his head toward the ground .
They had to look at the menu .;as;Opposed to have their preferences mind-read by robot waiters .
I didnt know at the time .;but;This was the bear that would one day adorn the california state flag .
Ill start up here and work down to meet you .;if;You get started on the main floor .
In fact , he could kil lana , as wel .;while;He was there and tie up al the loose ends .
I was doing it .;because;I wanted to , and hiding it from tony added a thrill .
After waiting for nearly half an hour , we started again , cutting through legions of trucks until the mountains and the hills were left .;and;The heat informed us that we were in the plains .
Youd best be on your way .;before;I talk your ear off .
His arms tightened around me .;and;He buried his face in my hair .
Chapter six madison was on the phone with tye .;when;Caleb knocked at her door for breakfast the following morning .
Hold of the door handle .;before;Carter could make it around .
You got a direct hit , im .;but;You dont have any serious electrical burns , and thats good .
Then jokingly asking him .;if;He wants to get slapped .
Gripped the pole to steady himself .;while;Spud , thinking all was clear , let go of it .
She turned on the shower .;and;Laid out a slip and a simple white dress that reminded me of what i wore in minoa .
Every one of them had been blank it did not take very long for the simple truth to occur to him .;and;He had seen many plaques where street names should have been , but , that he could not now get back to the place where jack and the doctor were waiting no matter how much he wanted to .
`` , they brought you here ? '' .;after;They took away your dreams .
Nonchalantly she lifted her finger to show him .;but;When she saw how much blood covered the tissue , she gasped .
I 'd be grateful for some motrin . '' .;if;You 're not gon na pucker up .
Relief still washed over her .;though;Even the inevitable was only being postponed .
You will be my public captive tonight .;because;Tonight i will grind your arrogance and disloyalty into dust .
He opened the gate between the realms .;and;Walked into the keep that existed in kaeleer .
Jonathan still felt guilty about it .;but;He would have felt a hell of a lot worse if frankie had died without that blessing .
Strang feasted on the cold victuals .;if;Sheonagh did not come home from her hunting .
It wasnt easy for any of us .;but;Something in jerrys eyes told me how close he was to telling grant to go screw himself .
Well , maybe today he could enact change .;if;Even he had to force her to face her fear .
I knew , beyond any shadow of doubt , that we were both going to die .;when;My legs literally gave out , and adam and i both crumpled to the ground .
"At that moment , i let go ; i landed right on my feet , the correct way .";and;Allowed myself to catch onto the thicker branch below me .
Sat on the side of my hip .;as;I set his present on his stomach .
Came the voice of rukaryo .;as;He walked up to shawn and traiven .
He was probably screwing someone .;but;I just assumed it was one of his perky little campaign workers .
The vamps could get it .;if;Werewolves could get a taste for killing .
He walked with much less weight on his sticks .;though;Kaleb saw the improvement .
`` you can let me out in front and i 'll just hop out , '' i say .;as;I realize he 's planning on parking .
To be alone with you .;and;It was the quickest way to get .
They make perfect targets .;when;They 're standing still like that .
Were surrounded by walls and fences .;and;Youll need to find a way to get over or through them .
He was as good as dead .;if;He walked into that tavern .
I was pretty damn sure nothing could ever be that hot .;when;She 'd come in my arms .
Or maybe it was .;because;I could hear fletcher 's voice whispering in my ear .
To continue the conversation .;and;Get things back on track .
I wanted to hear what he had to say .;but;I was afraid to hear it at the same time .
You 're special to him .;when;The truth is you 're nothing to him but another piece of ass .
I saw him wheel about to locate its owner .;as;It hit beorns ear .
I 'd left on wednesday night .;and;Now it was thursday night .
Give me some poetry .;and;I 'll make you a drink .
I 'll give you both a heads up . '' .;when;We put it in action .
Maybe it would help .;if;I could distract him .
As always , nynia had stepped .;and;Let him have his way .
His face lit up .;when;He said rachels name .
Pigafetta hesitated only a moment .;before;Reaching in to his purse for another coin .
He turned and ran away faster than she 'd expected .;when;His body dropped to the ground still half formed .
Around midnight , judd had come in to chase us all to bed .;but;He 'd ended up putting on a pot of coffee .
His spy instantly reached up .;and;Took down the email card .
Pausing to open the truck door he folded me .;and;Tucked me in his shirt pocket , which smelled faintly of fertilizer .
She held her hands inside it to keep it from rubbing against his wound .;while;He pulled the shirt down over his chest .
Then i would execute my plan .;if;I could push her down .
They did not see her .;as;She maneuvered between them toward the center .
Reagan is already placing our order , holding up two fingers .;before;I can request water or a coke .
She clearly was holding on to her phone .;but;Thinking hard , perhaps unsure what to say .
Her father looked the same .;when;She 'd last seen him .
There had been a couple of moments .;when;She thought jeff really liked her and felt at ease with her .
Donoghue had been afraid that there may have been remnants from the manufacturers craftsmen .;but;It seemed as if either they or frank had given it a very thorough cleansing .
Hes scared to go could you help him out and make him feel comfortable .;if;So you see him .
Which crumbled to dust .;when;The gunslinger attempted to look at it .
The high council never let any of their plans or conversations heard from behind their sealed doors .;though;Even the inner circle was comprised of a few hundred members .
Know about it until last evening .;when;You told moira about freezing the omnis , which , by the way , must have been something .
"However she has to make a decision ; eat or fail the evals . '' .";if;She wants to continue at the academy .
She had to make some kind of amends .;before;She bit the dust .
His acts that day were monstrous . ' .;and;It is in our nature to obscure such behavior from ourselves .
Daves mood quickly changed .;when;He spotted mary running towards him .
Did you think of me ? '' .;when;He was f**king you .
She cleared her throat .;as;She were tempted to spit with disgust .
Charlotte squirmed out from under her brother 's arm .;although;Sebastian caught her hand and kept her close to him .
He had some idea .;but;It was not clear .
He tried to pry frankys hands off of him .;but;He was too strong .
Trotted on my horse .;and;Found a throng of soldiers huddled near kanela gates .
Solus had lost a hand .;when;He fought with isarie , in the great battle of the gods .
Circling it a couple of times , remembering their vicious attitudes .;also;I made a barry correda box and added barry talking with guy in hat box .
Lori was still standing there , cigarette in hand .;when;She opened the bathroom door .
And drank in the silence .;as;Each went over what had been said .
Who spoke his eyes wide with obvious surprise .;as;He looked her up and .
I came around back . '' .;so;We can go straight into the laundry room .
Wednesday christmas day , 2013 chapter 35 the sun was rising when they left denver .;and;Now omaha was a blinding white below them .
The acolyte 's eyes widened with recognition .;as;He caught wayden 's gaze .
She 'd been there before , and thought that maybe in one of those books there might be answers .;and;Remembered there were books .
We eat the bad ones and leave the good boys and girls to rest up for next time .;because;Simply no one cares if the douches die .
Theres a chance that we might be able to give you the ability to see .;if;You agree to join this study .
Perhaps they will then pull off their blanket .;and;Let us see their face once more .
He took the mana into himself , and then pointed his fingers at the orc that he could see holding asphodel .;and;Began to weave it into a shape to draw energy from the surroundings .
To the crackle in his earphones .;as;The pilot talked to the tower .
`` this concerns honor , '' joe said .;as;You can probably guess .
I 'll go back to school and become a dentist ! '' .;if;It 's not too late .
`` well , i 'm not worried about us here , '' adria says , turning at the waist to look up at daisy .;but;Then she just stands up altogether and crosses her arms .
His desire for a drink had eased .;when;He reached the sidewalk .
Fog said , `` i hear he 's cut the price .;when;The ramp was quiet .
And you can deny it all you want .;but;Your body wants me even if you loathe me .
He was very tempting .;as;He leaned one arm against the steering wheel and the other on the back of her seat .
Eve asked in a low tone .;as;She gazed up at the driver and passenger .
They were only kissing .;but;His hands had pulled up her short skirt and were cupping her bottom .
Wodan stared at rachek .;while;They dragged her and several other young women away , impotent to do anything .
Its also nice that we are bordered on two sides by forest preserves and one side by the lake .;so;We have maximum privacy .
I would grow warmer .;if;I began to move .
Phil , id say something .;but;The kids might hear .
Each warrior had weapons .;and;All of those weapons were trained on him .
He can just make out the vaporous sky beginning to clear .;as;He looks up through the myriad of vengeful red eyes and hacking claws glutinous with his own meat .
His finger was icy .;but;She held in her shiver .
He wanted her baby .;and;He had no interest in waiting for her to give birth .
He turned abruptly , heading for the exit .;and;Started shouldering his way through the lunch crowd .
Michael drove nicodemus to one side .;and;I had a shot at his back .
He lifted his flute .;after;Wedging the bottle back in the ice .
Continue to question her .;but;If he demands we give her up to his spawn , you will do .
He saluted her with perfect precision .;and;Stepped back to his post .
There had been a lonely lantern burning about thirty feet behind them .;but;They were well out of its range .
`` many women dream of me , '' he said .;as;He steered me down the deck .
To be embarrassed or blindsided .;if;Some investigation reached the press .
What kathy had said about friendships ran through my head .;but;I felt no desire to join any of them .
That got through the haughtiness .;and;I saw uncertainty on his face .
Needed to have him .;if;Even it was only for a minute before i let him go .
That had left her in a stunned and bewildered state .;as;She stood by her car in the middle of the parking lot .
I thrive on control .;but;Right now i 've totally lost it .
To stop hurting me .;before;You take everything from me .
Pulling willow hip to hip with him .;as;They looked out at the fog below them .
We 're onto the military tracking stations . '' .;and;Will confirm their flight path when it is known .
My insides and my breathing whooshed inside my ears .;as;I struggled not to panic .
Carl replied , grinding his knuckles into bens scalp and causing droplets of water to fly .;as;He grasped bens head in a mock headlock and pulled him towards the ground .
He was nice enough to let me sleep .;while;He ran out to get us some breakfast .
She braced herself for the unpleasant intrusion of the queen 's mind .;but;It did not come .
My arms are folded .;as;I sit on the bed and glare at the scrapbook lying on the floor .
Two figures emerged from the darkness .;as;We approached collin 's car .
He got really annoyed , but now it was completely gone .;because;He had seen advancement in the investigation for a second .
I went outside and .;and;There was no one except him , out .
Her heart would be in her throat .;as;They stepped into the transit .
I 'll need antibiotics . '' .;after;So we crawl around in that water .
Ahead of you lies betrayal .;but;Be careful not to betray yourself .
Mrs. price laid her hand on her son 's arm , a clear signal that she wanted him to be silent .;but;He shrugged it off .
Cutlass with his large raspy voice .;as;He is reaching for his sword and swinging it towards the nearest beast .
Katherine had promised to call him as soon as she was safely out of the lab and on her way to meet him .;but;She had never done .
She sucked in a breath .;when;His thumb trailed along her bottom lip .
He wore a black suit .;and;Walked as if everyone in the room owed him allegiance .
Alex also overjoyed because gambit shared his respectable passion with the children .;if;Even he was sad at the loss of his life .
Chase hoisted the cooler onto his shoulder .;and;Headed back toward the chickee .
Sure those expressions were fun for a while .;but;Their overuse grew to a point of annoyance .
I believe she will allow you to take the black and live out the rest of your days on the wall , with your brother and that baseborn son of yours . '' .;if;You will give her the peace she needs and the time to deal with stannis , and pledge to carry her secret to your grave .
The butlers joints creaked .;as;He served the first course to the countess .
Ben teased him about getting it cut .;but;Seth pointed out his job was to speak spanish over the phone , so nobody ever saw him .
She noticed a package of some kind .;when;She reached the bottom of the pile .
The woman smiled at lorie .;as;The car stopped in the middle of the road alongside lorie and evan .
It meant that he was desperate .;if;High council leader evander had decided to bring them to the fore .
I put a mug of coffee on the ground by jason .;and;I sat on the upright folding chair close to him .
Then nate was quiet for a few moments .;as;He watched the road .
It had still lingered on his flesh .;when;She 'd kissed him .
She was twenty-nine , especially to a man .;but;Age could be deceptive in a woman hovering between her twenties and her thirties .
Thus giles became at length old and venerable , and a very respectable court ( in which merit was often rewarded ) , and an entirely new order of knighthood .;and;Had a white beard down to his knees .
She was able to block me out .;when;She was talking about making no move against us .
An overwhelming sense of finality hit me like a blast of freezing air , forcing me to lean against the wall for support .;as;We rode the elevator to our floor .
Despite himself , hurried his step a little .;as;He passed the fourth .
"Not that theres anything wrong with that ; im .";but;People have to start getting realistic .
Tylers angry retort came .;but;It was somewhat drowned in the clicking and snapping of guns getting ready .
He came up out of the chair .;and;Though he gave a ragged hiss of pain , he managed to shuffle to the door .
I didnt get her .;so;My life has become something other .
He grabbed the ornery creature by the reins .;and;Rigged up the saddle so he at least didnt have to carry it .
And , he wondered if a hedgehog would make a better pet than a ferret .;though;Even it was covered in prickly spines .
Thirty odd boys were milling .;before;Being divided into two scratch teams seemingly at random to play a game of rugby .
What some of joyces ideas might have wrought .;if;They emerged in a different person .
When she came for me .;after;I 'd escaped in victor 's car .
I feellike happened she tried to say more but her voice choked up .;if;Something were to happeni realize now thatif something .
Hugh opened his mouth to speak .;but;Again , eada beat him to it .
To hit his face .;before;He pulled me to him and immobilized me under his weight .
They got off easy this time .;and;Hopefully , ramah wouldnt tell their parents .
She had only a brief glimpse of ice cold eyes and white blond hair .;before;It was upon her .
They may have been in the minority .;but;They were amongst the bravest .
Pity smiles for mom and me .;as;Dr. chen clears his throat to deliver the dire news .
Her heart was racing too fast .;and;Her palms had started to sweat .
It seemed to him that `` ancient '' carried strong overtones of crumbling , decaying , and wasting .;but;The elders seemed to think that it was just splendid .
He had probably never seen an elf before , nor a half-elf .;if;This fellow was from the countryside .
Instead he made a knot of my hair around his fingers .;and;Rested his fingertips against my neck .
His attention snapped up .;as;Ronan lynch stepped out of the old factory .
Hoping to sound trustworthy , he added , they dont match .;because;Up i havent had my birthday .
Some of the advisors kept their mouths shut .;but;They knew these were some of the corrupt politicians in washington .
There were four rooms out the back .;and;It took him less than a minute to establish that andy wasnt .
Just finishing his call .;as;I clambered back into the cab .
I got to the security doors of the lobby .;as;Just the clouds cut loose and the rain began .
Each time we went into a walled courtyard , and .;but;The castle was edged with a maze of those empty little useless pockets that contained nothing more than a bench or fire pit .
Vickie clutched at her mother , calming .;but;Then the heavy-lidded eyes glimpsed elena over mrs. bennett 's shoulder .
And we can have a signal . '' .;if;You ever want to stop .
Stormy quickly waved good-bye to us .;as;She slipped into the night with her friends .
You decry her companions . '' .;but;There may be one among them that she will love .
She started to say something .;but;When i shook my head she let it go .
Who swung three mornings .;when;In reality it was his holy twin brother whod taken his place , leaving him drugged and sleeping in the dungeon .
There wasnt several members of staff were on their way .;although;Looking at the monitors .
Giving his dad aquicklittle side hug .;as;He got up to leave .
I kept patric on rather than try to find someone closer to my age and then ill have to find a new valo .;although;I suppose patric will retire .
Fear for him ripped her .;as;She watched him prepare for their attack .
I understand that this is your first pharma prospecting trip .;but;Take what they say with a grain of salt .
To sit with either one .;when;So marybeth sat with kira , i squeezed onto the seat with them .
Bryce emerged from his room , saying it sounded serious .;after;David had hung up and asked what was wrong .
It was the split second .;before;The vehicle hit her that she saw it .
Natasha turned scolded him , look at you .;and;Saw her brothers wound .
The chefs here so could have learned a thing or two from grandma frost .;when;It came to baking .
The cat curled the high tip of its tail into a question mark .;and;Tipped its head to one side .
To lay off jason .;if;I agreed to lay off that girl .
I 'm marrying gage in a courthouse one day .;because;I 'll be damned if he was wrong about that one .
The cops chased out the squatters .;but;They just kept coming .
Everything around them was illuminated by a sudden flashand .;as;Even he had spoken .
To see a little .;before;I close the case .
My stomach was queasy again and i felt light-headed .;as;I was going to faint .
To explain psychic phenomena .;if;Over time biological structures can evolve to in a small way interfere with normal physics .
What other people thought .;and;Had been passed over for promotion and generally treated as a piece of furniture as a result .
It 's a buff and only functioning on 5 engines . '' .;and;He 's got battle damage .
`` in truth , i will find it more embarrassing .;if;I am not able to make you do .
Caleb felt his gut tighten .;and;Caught himself reaching for his gun .
He didnt actually have to judo chop her or anything .;but;He did gently break her hold on me , a finger at a time .
She realized the bruises had all but healed on his face and neck .;as;She looked him over .
Those worlds , in themselves , are not at all outside the scope of the believable are implied and even forthrightly taught in scripture .;and;It illustrates worlds unseen , but .
I heard someone say that was what he was to me .;but;He got angry and beat me .
Hughs mind had been decided .;before;Long henry had appeared and de fougres nerve had been faltering since longsword had brought up the mangonel .
My coffee cup trembles .;as;I stare into the hypnotizing waves my nervous hands create .
Can we get some food .;so;We can head back home .
To look at it .;when;Two hands grabbed me pulling me to my feet .
I swaggered back toward the castle .;though;I 'd actually accomplished something good .
A low velocity twenty-two is a very mean slug .;if;It hits you solid .
The outer walls of the bubble rooms glowed red .;when;The occupied lights were on .
As far as the pyramid we came up with last week .;while;You were out , just stand behind me and alex as a spotter .
The calls from mack finally stopped .;but;The silence was just as bad .
She was worried for her friend .;but;The fear was gone .
Nigel rose from his plastic chair , his kind , doughy face taut with anxiety .;when;The nurse showed her in through the curtain .
Instead went into such idealistic pursuits .;as;Planning for a better future and environmental concerns .
He tightened his arms around her .;as;He whispered in her ear .
I never knew i lived in heaven .;if;Even it 's only heaven to a clan of little blue men .
I 'd quite like to be a rabbi .;but;It 's that whole circumcision thing .
I try to withdraw my leg .;but;He holds on tight .
And now she looked remarkably as she had then : tired , confused , frightened , and lost .;as;Her mouth began to tremble .
Youre the stupidest person ive ever met .;and;Believe me ive met some real idiots .
He turned anxiously to the door .;as;He gestured , seemingly on the verge of opening it and inviting the `` armed men '' in .
She couldnt do that .;though;She did understand the waters were a bit murkier in this case .
He started to turn for his train .;but;This time , she held him .
Belle choked back tears .;as;She peeked around the corner and saw the hall deserted .
My voice sounds sure .;but;I 'm not completely certain of any of this .
Elly took his place at my window with a toothy grin .;as;Jim ambled toward king hall 's entrance .
Alex 's arm encircles my waist he catches me before i hit .;and;I blink back to the astronomy classroom right as my legs give out and i fall toward the floor , but .
He stopped in his tracks .;when;Darren saw the bentley .
I would know . '' .;if;He had or not after a moment 's `` listening in .
Now - '' silas started .;but;Sondra cut him off .
`` but , that sounds wonderful . '' .;if;There 's a room available upstairs .
I wrapped my fingers around my ipod .;as;Tightly i pushed it back into the holder and scrolled through to green day .
We will take the ship on the starboard side .;and;Ask him to take the port .
He didnt have any place to stay and wanted to sleep on my floor for a few days .;while;He got himself set up .
That was my issue .;but;It would be selfish not to wait until he was revved up .
This base will have more protection , with less strain on our ability to support them .;when;We get to that point .
There would be actual food in his house .;if;He wanted to grocery shop .
My fingers tightening in his hair .;as;I opened my mouth wider against his and licked his tongue in a deep , wet kiss that shattered what little thread of control he was holding onto .
Check out patricks blog at www.theeoptimist.com : patricksquinlan im thinking , but it aint easy .;and;Follow patrick on twitter .
Normally i 'd cry in the shower .;but;My sister and best friend are outside sharing theories about why declan dumped shannon , and while there 's plenty of fodder for material , the way they 're talking is such a relief .
I understand if that 's different for you . '' .;but;If you want to be with other women while we date ... then i 'm sorry , i 'm not the right girl for you .
She was not quite as immune , was no one 's fault but her own .;as;She 'd like , to his close proximity and rakish good looks .
Him to move from the passenger door .;so;She could climb back into his truck .
As soon , darius dematerialized from his modest abode and took form on the shore by the ocean with tohrment .;as;Night fell o'er the landscape and granted its dark grace upon the good earth .
